{"cameraMode":{"drawMode":0,"name":"Shaded","section":"Shading Mode"},"sceneLighting":true,"audioPlay":false,"sceneViewState":{"showFog":true,"showMaterialUpdate":false,"showSkybox":true,"showFlares":true,"showImageEffects":true,"showParticleSystems":true},"in2DMode":false,"pivot":{"x":0.6379080414772034,"y":2.2529749870300295,"z":-0.7801415324211121},"rotation":{"x":0.005993828177452087,"y":-0.04498406872153282,"z":0.00027033124933950603,"w":0.9989721179008484},"size":4.106891632080078,"orthographic":true}