{"cameraMode":{"drawMode":0,"name":"Shaded","section":"Shading Mode"},"sceneLighting":true,"audioPlay":false,"sceneViewState":{"showFog":true,"showMaterialUpdate":false,"showSkybox":true,"showFlares":true,"showImageEffects":true,"showParticleSystems":true},"in2DMode":false,"pivot":{"x":2.744486093521118,"y":3.044370651245117,"z":0.6397846937179565},"rotation":{"x":-0.07785201817750931,"y":-0.04185996204614639,"z":-0.003271786728873849,"w":0.9960785508155823},"size":2.8212010860443117,"orthographic":true}