{"cameraMode":{"drawMode":0,"name":"Shaded","section":"Shading Mode"},"sceneLighting":true,"audioPlay":false,"sceneViewState":{"showFog":true,"showMaterialUpdate":false,"showSkybox":true,"showFlares":true,"showImageEffects":true,"showParticleSystems":true},"in2DMode":false,"pivot":{"x":0.21495825052261353,"y":0.19259655475616456,"z":0.742565929889679},"rotation":{"x":-0.07785201817750931,"y":-0.04185996204614639,"z":-0.003271786728873849,"w":0.9960785508155823},"size":3.255333423614502,"orthographic":true}